id,name,name_kana,created_at,updated_at,publiced,memo,category_id
1,蒼緋,そうひ,2013-06-30 06:26:26 UTC,2013-06-30 06:26:26 UTC,true,,0
2,軍魔,ぐんま,2013-06-30 06:26:26 UTC,2013-06-30 06:26:26 UTC,true,,0
3,鳩麦麦茶,はとむぎむぎちゃ,2013-06-30 06:26:26 UTC,2013-06-30 06:26:26 UTC,true,,0
4,JEKYLL,JEKYLL,2013-09-25 16:05:00 UTC,2013-09-28 12:57:52 UTC,true,,0
5,ryo,ryo,2013-09-25 16:18:35 UTC,2013-09-25 16:18:35 UTC,true,,0
6,朝奈,あさな,2013-09-25 16:19:32 UTC,2013-09-25 16:19:32 UTC,true,,0
7,幸鳥,さちどり,2013-09-25 16:19:56 UTC,2013-09-25 16:19:56 UTC,true,,0
8,せぐ,せぐ,2013-09-25 16:20:06 UTC,2013-09-25 16:20:06 UTC,true,,0
9,遠野みりん,とおのみりん,2013-09-25 16:20:24 UTC,2013-09-25 16:20:24 UTC,true,,0
10,まぁむ,まぁむ,2013-09-25 16:20:34 UTC,2013-09-25 16:20:34 UTC,true,,0
11,ラタヒ,らたひ,2013-09-25 16:20:49 UTC,2013-09-29 15:00:33 UTC,true,,0
12,一本杉,いっぽんすぎ,2013-09-26 15:26:20 UTC,2013-09-28 02:56:02 UTC,true,,0
13,綾香,あやか,2013-09-26 15:36:56 UTC,2013-09-28 02:58:30 UTC,true,,0
14,tri,tri,2013-09-26 15:41:46 UTC,2013-09-26 15:41:46 UTC,true,,0
15,悠,ゆう,2013-09-26 15:47:51 UTC,2013-09-28 02:56:21 UTC,true,,0
16,舞斗,まいと,2013-09-26 15:54:16 UTC,2013-09-28 02:58:16 UTC,true,,0
17,recoba167,recoba167,2013-09-26 15:59:11 UTC,2013-09-28 02:58:02 UTC,true,,0
18,ラク,らく,2013-09-26 16:00:59 UTC,2013-09-28 02:56:48 UTC,true,,0
19,キリン,きりん,2013-09-26 16:04:50 UTC,2013-09-28 02:57:01 UTC,true,,0
20,将,まさ,2013-09-26 16:06:03 UTC,2013-09-28 02:57:54 UTC,true,,0
21,沖山龍花,おきやまりゅうか,2013-09-26 16:08:21 UTC,2013-09-28 03:16:23 UTC,true,,0
22,eG,eG,2013-09-26 16:16:08 UTC,2013-09-26 16:16:08 UTC,true,,0
23,アリスアリス,ありすありす,2013-09-26 16:20:06 UTC,2013-09-28 02:57:43 UTC,true,,0
24,hbrk,hbrk,2013-09-26 16:22:24 UTC,2013-09-26 16:22:24 UTC,true,,0
25,倉庫番,そうこばん,2013-09-26 16:30:36 UTC,2013-09-28 02:57:27 UTC,true,,0
26,ＭＯＭＯ,MOMO,2013-09-28 03:00:20 UTC,2013-09-28 03:00:20 UTC,true,,0
27,KAZAMI,KAZAMI,2013-09-28 03:03:55 UTC,2013-09-28 03:03:55 UTC,true,,0
28,SABO,SABO,2013-09-28 03:05:16 UTC,2013-09-28 03:05:16 UTC,true,,0
29,Aegis,Aegis,2013-09-28 03:07:15 UTC,2013-09-28 03:07:15 UTC,true,,0
30,にわとり,にわとり,2013-09-28 03:26:00 UTC,2013-09-28 03:26:00 UTC,true,,0
31,日なた猫,ひなたねこ,2013-09-28 03:36:15 UTC,2013-09-28 03:36:15 UTC,true,,0
32,やすらMIMI,やすらみみ,2013-09-28 03:54:20 UTC,2013-09-28 03:54:20 UTC,true,,0
33,Mel,Mel,2013-09-28 03:55:59 UTC,2013-09-28 03:55:59 UTC,true,,0
34,haira,haira,2013-09-28 03:57:32 UTC,2013-09-28 03:57:32 UTC,true,,0
35,39+a ,39+a ,2013-09-28 11:04:12 UTC,2013-09-28 11:06:39 UTC,true,,0
37,Pluvia ,Pluvia,2013-09-28 12:16:30 UTC,2013-09-28 12:16:30 UTC,true,,0
38,izanagi,izanagi,2013-09-28 12:18:35 UTC,2013-09-28 12:18:35 UTC,true,,0
39,大麦,おおむぎ,2013-09-28 12:30:26 UTC,2013-09-28 12:30:26 UTC,true,,0
40,匣庭くるり,はこにわくるり,2013-09-28 12:36:57 UTC,2013-09-28 12:36:57 UTC,true,,0
41,大和,やまと,2013-09-28 16:12:35 UTC,2013-09-28 16:12:35 UTC,true,,0
42,zenigebakun,zenigebakun,2013-09-28 16:15:49 UTC,2013-09-28 16:15:49 UTC,true,,0
43,一個點,ICHITEN,2013-09-28 16:20:30 UTC,2013-09-28 16:20:48 UTC,true,,0
44,To7,とな,2013-09-28 23:13:10 UTC,2013-09-28 23:13:10 UTC,true,,0
45,まひろ,まひろ,2013-09-28 23:22:57 UTC,2013-09-28 23:22:57 UTC,true,,0
46,Totori,Totori,2013-09-29 13:49:29 UTC,2013-09-29 13:49:29 UTC,true,,0
47,落下,らっか,2013-09-29 13:57:41 UTC,2013-09-29 13:57:41 UTC,true,,0
48,N.,N.,2013-09-29 14:02:00 UTC,2013-09-29 14:02:00 UTC,true,,0
49,MOTA,MOTA,2013-09-29 14:05:43 UTC,2013-09-29 14:05:43 UTC,true,,0
50,vertex,vertex,2013-09-29 14:14:25 UTC,2013-09-29 14:14:25 UTC,true,,0
51,keari,keari,2013-09-29 14:36:12 UTC,2013-09-29 14:36:12 UTC,true,,0
52, 飯盛り女,めしもりおんな,2013-09-29 14:41:12 UTC,2013-09-29 14:41:12 UTC,true,,0
53,Ukura,Ukura,2013-09-29 14:42:43 UTC,2013-09-29 14:42:43 UTC,true,,0
54,詩乃,しの,2013-09-29 14:45:18 UTC,2013-09-29 14:45:18 UTC,true,,0
55,さつき,さつき,2013-09-29 14:50:26 UTC,2013-09-29 14:50:26 UTC,true,,0
56,Molpno@ls ,Molpno@ls ,2013-09-29 14:55:53 UTC,2013-09-29 14:55:53 UTC,true,,0
57,５年目の新参者,ごねんめのしんざんもの,2013-09-29 15:02:56 UTC,2013-09-29 15:02:56 UTC,true,,0
58,R10,R10,2013-09-29 17:28:32 UTC,2013-09-29 17:28:32 UTC,true,,0
59,BM,BM,2013-09-29 17:33:51 UTC,2013-09-29 17:33:51 UTC,true,,0
61,gungun,gungun,2013-09-29 17:46:39 UTC,2013-09-29 17:46:39 UTC,true,,0
62,ぽぽぽっち,ぽぽぽっち,2013-09-30 14:44:10 UTC,2013-09-30 14:44:10 UTC,true,,0
63,さけ,さけ,2013-09-30 14:47:35 UTC,2013-09-30 14:47:35 UTC,true,,0
64,アルル,あるる,2013-09-30 14:59:09 UTC,2013-09-30 14:59:09 UTC,true,,0
65,faces,faces,2013-09-30 15:01:39 UTC,2013-09-30 15:01:39 UTC,true,,0
66,ネクロでぃすく,ねくろでぃすく,2013-09-30 15:05:17 UTC,2013-09-30 15:05:17 UTC,true,,0
67,goldwing,goldwing,2013-09-30 15:26:42 UTC,2013-09-30 15:26:42 UTC,true,,0
68, (･∀･∀･), (･∀･∀･),2013-10-01 14:59:55 UTC,2013-10-01 14:59:55 UTC,false,,0
69,上総ゆう,かみそうゆう,2013-10-01 15:01:40 UTC,2013-10-01 15:01:40 UTC,false,,0
70,ラクスク,らくすく,2013-10-01 15:03:06 UTC,2013-10-01 15:03:06 UTC,false,,0
71,ファンシー海,ふぁんしーかい,2013-10-01 15:05:04 UTC,2013-10-01 15:09:36 UTC,false,,0
72,いは,いは,2013-10-01 15:10:27 UTC,2013-10-01 15:10:27 UTC,true,,0
73,流星回天,流星回天 ,2013-10-01 15:15:57 UTC,2013-10-01 15:15:57 UTC,true,,0
74,ゾナ,ぞな,2013-10-01 15:21:31 UTC,2013-10-01 15:21:31 UTC,true,,0
75,野良MAD製作所,のらまっどせいさくしょ,2013-10-03 13:49:44 UTC,2013-10-03 13:49:44 UTC,true,,0
76,7AS -Seventh Azure Shield-,7AS -Seventh Azure Shield-,2013-10-03 13:51:22 UTC,2013-10-03 13:51:22 UTC,true,,0
77,CREST,CREST,2013-10-03 13:53:29 UTC,2013-10-03 13:53:29 UTC,true,,0
79,かずゅ,かずゅ,2013-10-03 13:58:48 UTC,2013-10-03 13:59:32 UTC,false,,0
80,らはいなルナ,らはいなるな,2013-10-03 14:00:10 UTC,2013-10-03 14:03:11 UTC,false,,0
81,向坂廿楽,向坂廿楽,2013-10-03 14:01:18 UTC,2013-10-03 14:01:20 UTC,false,,0
82,k3,k3,2013-10-03 14:02:24 UTC,2013-10-03 14:03:00 UTC,false,,0
83, lightpi, lightpi,2013-10-03 14:03:41 UTC,2013-10-03 14:03:43 UTC,false,,0
84,ティム,てぃむ,2013-10-03 14:45:47 UTC,2013-10-03 14:45:47 UTC,true,,0
85,宮岡 リン,みやおかりん,2013-10-03 14:59:52 UTC,2013-10-03 14:59:52 UTC,true,,0
86, ロリっち,ろりっち,2013-10-04 14:17:56 UTC,2013-10-04 14:17:56 UTC,true,,0
87,SS,SS,2013-10-05 09:34:33 UTC,2013-10-05 09:34:42 UTC,true,,0
88,ROIDO,ROIDO,2013-10-20 01:37:21 UTC,2013-10-20 01:37:21 UTC,true,,0
89,linehiki,linehiki,2013-10-20 01:57:19 UTC,2013-10-20 01:57:19 UTC,true,,0
